week,matchup_id,home_team_name,away_team_name,home_score,away_score,status,source,notes
"1","W1-01","boomers.","The Branch Covidians","110.46","143.20","final","User initialization data","boomers. won"
"1","W1-02","Lamar can't hurt me","Long Live the King","183.72","134.86","final","User initialization data","Lamar can't hurt me won"
"1","W1-03","Cazzata Malanga","Kars4Gibbs","144.62","122.02","final","User initialization data","Cazzata Malanga won; source used Kars4Kids before confirmed rename"
"1","W1-04","Barcelona Pickpockets","The Team Who Would Be Champs","170.56","126.96","final","User initialization data","Barcelona Pickpockets won"
"1","W1-05","Champs?AllSigns Point 2 YES!!","Cat Scratch Fever","119.30","112.96","final","User initialization data","Champs?AllSigns Point 2 YES!! won"
"2","W2-01","Kars4Gibbs","boomers.","130.88","124.16","final","User initialization data","Kars4Gibbs won; source used Kars4Kids before confirmed rename"
"2","W2-02","Long Live the King","Barcelona Pickpockets","138.20","89.02","final","User initialization data","Long Live the King won"
"2","W2-03","Cat Scratch Fever","Lamar can't hurt me","126.12","101.86","final","User initialization data","Cat Scratch Fever won"
"2","W2-04","The Team Who Would Be Champs","Cazzata Malanga","156.28","151.88","final","User initialization data","The Team Who Would Be Champs won"
"2","W2-05","The Branch Covidians","Champs?AllSigns Point 2 YES!!","156.64","101.32","final","User initialization data","The Branch Covidians won"
"3","W3-BOOMERS","boomers.","Champs?AllSigns Point 2 YES!!","","","scheduled","User initialization data","Known boomers. schedule"
"4","W4-BOOMERS","Lamar can't hurt me","boomers.","","","scheduled","User initialization data","Known boomers. schedule"
"5","W5-BOOMERS","Cat Scratch Fever","boomers.","","","scheduled","User initialization data","Known boomers. schedule"
"6","W6-BOOMERS","boomers.","Barcelona Pickpockets","","","scheduled","User initialization data","Known boomers. schedule"
"7","W7-BOOMERS","The Team Who Would Be Champs","boomers.","","","scheduled","User initialization data","Known boomers. schedule"
"8","W8-BOOMERS","boomers.","Cazzata Malanga","","","scheduled","User initialization data","Known boomers. schedule"
"9","W9-BOOMERS","boomers.","The Branch Covidians","","","scheduled","User initialization data","Known boomers. schedule"
"10","W10-BOOMERS","Long Live the King","boomers.","","","scheduled","User initialization data","Known boomers. schedule"
"11","W11-BOOMERS","Champs?AllSigns Point 2 YES!!","boomers.","","","scheduled","User initialization data","Known boomers. schedule"
"12","W12-BOOMERS","boomers.","Lamar can't hurt me","","","scheduled","User initialization data","Known boomers. schedule"
"13","W13-BOOMERS","boomers.","Cat Scratch Fever","","","scheduled","User initialization data","Known boomers. schedule"
"14","W14-BOOMERS","boomers.","Kars4Gibbs","","","scheduled","User initialization data","Known boomers. schedule"
